Best Scores,Decision Values,T Stats,Low Bet Average Powers,High Bet Average Powers,Time Resolution
"[[0.7027027  0.56756757 0.67567568 ... 0.51351351 0.62162162 0.67567568]
 [0.75675676 0.7027027  0.64864865 ... 0.62162162 0.56756757 0.64864865]
 [0.45945946 0.59459459 0.64864865 ... 0.67567568 0.56756757 0.59459459]
 ...
 [0.62162162 0.62162162 0.64864865 ... 0.62162162 0.64864865 0.54054054]
 [0.54054054 0.62162162 0.59459459 ... 0.62162162 0.72972973 0.59459459]
 [0.59459459 0.59459459 0.64864865 ... 0.59459459 0.64864865 0.59459459]]","[[[-1.78474396  0.67163255 -0.26681947 ... -0.33378801 -0.48341951
    0.54847054]
  [-0.63694093 -0.84526543 -1.88894649 ... -0.23913903  0.06924612
   -0.81165312]
  [-1.20946108 -0.75168595 -1.68122051 ...  0.36014475  0.06569272
   -0.41452745]
  ...
  [-1.1153034  -0.92712859 -0.95724639 ... -0.38387007 -0.56388223
   -0.52013779]
  [-1.45633885 -1.28219707  0.39119922 ...  0.41278967 -1.40284505
    0.33657982]
  [-1.74993048 -2.35047168 -1.45391795 ...  1.12528818 -1.26687859
    0.38093204]]

 [[-1.78474396  0.67163255 -0.26681947 ... -0.33378801 -0.48341951
    0.54847054]
  [-0.63694093 -0.84526543 -1.88894649 ... -0.23913903  0.06924612
   -0.81165312]
  [-1.20946108 -0.75168595 -1.68122051 ...  0.36014475  0.06569272
   -0.41452745]
  ...
  [-1.1153034  -0.92712859 -0.95724639 ... -0.38387007 -0.56388223
   -0.52013779]
  [-1.45633885 -1.28219707  0.39119922 ...  0.41278967 -1.40284505
    0.33657982]
  [-1.74993048 -2.35047168 -1.45391795 ...  1.12528818 -1.26687859
    0.38093204]]

 [[-1.78474396  0.67163255 -0.26681947 ... -0.33378801 -0.48341951
    0.54847054]
  [-0.63694093 -0.84526543 -1.88894649 ... -0.23913903  0.06924612
   -0.81165312]
  [-1.20946108 -0.75168595 -1.68122051 ...  0.36014475  0.06569272
   -0.41452745]
  ...
  [-1.1153034  -0.92712859 -0.95724639 ... -0.38387007 -0.56388223
   -0.52013779]
  [-1.45633885 -1.28219707  0.39119922 ...  0.41278967 -1.40284505
    0.33657982]
  [-1.74993048 -2.35047168 -1.45391795 ...  1.12528818 -1.26687859
    0.38093204]]

 ...

 [[-1.78474396  0.67163255 -0.26681947 ... -0.33378801 -0.48341951
    0.54847054]
  [-0.63694093 -0.84526543 -1.88894649 ... -0.23913903  0.06924612
   -0.81165312]
  [-1.20946108 -0.75168595 -1.68122051 ...  0.36014475  0.06569272
   -0.41452745]
  ...
  [-1.1153034  -0.92712859 -0.95724639 ... -0.38387007 -0.56388223
   -0.52013779]
  [-1.45633885 -1.28219707  0.39119922 ...  0.41278967 -1.40284505
    0.33657982]
  [-1.74993048 -2.35047168 -1.45391795 ...  1.12528818 -1.26687859
    0.38093204]]

 [[-1.78474396  0.67163255 -0.26681947 ... -0.33378801 -0.48341951
    0.54847054]
  [-0.63694093 -0.84526543 -1.88894649 ... -0.23913903  0.06924612
   -0.81165312]
  [-1.20946108 -0.75168595 -1.68122051 ...  0.36014475  0.06569272
   -0.41452745]
  ...
  [-1.1153034  -0.92712859 -0.95724639 ... -0.38387007 -0.56388223
   -0.52013779]
  [-1.45633885 -1.28219707  0.39119922 ...  0.41278967 -1.40284505
    0.33657982]
  [-1.74993048 -2.35047168 -1.45391795 ...  1.12528818 -1.26687859
    0.38093204]]

 [[-1.78474396  0.67163255 -0.26681947 ... -0.33378801 -0.48341951
    0.54847054]
  [-0.63694093 -0.84526543 -1.88894649 ... -0.23913903  0.06924612
   -0.81165312]
  [-1.20946108 -0.75168595 -1.68122051 ...  0.36014475  0.06569272
   -0.41452745]
  ...
  [-1.1153034  -0.92712859 -0.95724639 ... -0.38387007 -0.56388223
   -0.52013779]
  [-1.45633885 -1.28219707  0.39119922 ...  0.41278967 -1.40284505
    0.33657982]
  [-1.74993048 -2.35047168 -1.45391795 ...  1.12528818 -1.26687859
    0.38093204]]]","[[-7.64481826 -6.98709624 -4.32290476 ... -8.60427803 -7.09009161
  -8.55864867]
 [-6.22084639 -5.85234503 -6.5461217  ... -7.10163368 -7.56941455
  -5.86056996]
 [-8.30780967 -7.47767875 -8.7617415  ... -6.42443581 -8.80039341
  -7.1647777 ]
 ...
 [-5.33639581 -7.35771079 -6.02073508 ... -8.37220613 -7.83533565
  -8.11732541]
 [-5.61358268 -6.8734684  -6.35048647 ... -8.43672367 -7.56114984
  -6.90999984]
 [-7.97182515 -9.67636955 -8.42386092 ... -9.35259644 -7.31056589
  -7.27736174]]","[[[[ 1.49891864e-01  8.20053890e-02 -6.77780518e-02 ...  7.20426283e-01
     5.53205666e-01  1.68267964e-01]
   [-2.22608468e-01 -3.64967219e-01 -6.04416244e-01 ...  5.36466175e-01
     5.63642284e-01  4.05993447e-01]
   [ 4.49014372e-02 -1.12322814e-01 -4.37270062e-01 ... -5.62507696e-01
    -2.44042983e-01 -5.36398225e-02]
   ...
   [-3.27713387e+00 -3.67693956e+00 -2.49978725e+00 ...  1.10007871e-01
     4.08659351e-01  7.52255800e-01]
   [-1.79030870e-01 -7.12724957e-01 -1.85523600e+00 ...  2.23039862e-01
    -1.94462063e-02 -4.14851192e-01]
   [ 1.20060925e+00  1.07474296e+00  8.45503878e-01 ...  4.09350295e-01
     7.86102182e-01  8.61086378e-01]]

  [[ 3.79066544e-04 -9.44369632e-02 -2.54023479e-01 ... -1.04023605e+00
    -9.59806405e-01 -8.02402100e-01]
   [-1.06261146e-01 -2.90322015e-01 -6.83429390e-01 ... -7.88345143e-01
    -9.47910391e-01 -8.55961219e-01]
   [ 6.47012089e-02 -1.10041778e-01 -4.90911378e-01 ...  9.38230977e-01
     1.12120947e+00  1.18560841e+00]
   ...
   [-3.15739889e+00 -3.33317435e+00 -2.55350978e+00 ...  3.58763079e-01
     1.15014874e-01  1.53547070e-01]
   [-7.25584690e-03 -5.19988392e-01 -1.68658656e+00 ...  1.37207104e+00
     1.23596056e+00  8.35715650e-01]
   [ 1.34875599e+00  1.25481680e+00  1.07292459e+00 ... -1.09414341e+00
    -8.78272675e-01 -7.06958088e-01]]

  [[-2.07481432e-01 -3.28226668e-01 -4.59502403e-01 ... -1.56541075e-01
    -2.26977642e-01 -2.83959186e-01]
   [-1.03618351e-02 -2.13407663e-01 -6.97413903e-01 ... -8.13639625e-01
    -6.08534207e-01 -4.31155208e-01]
   [ 9.76496856e-02 -8.12502834e-02 -5.18567492e-01 ...  1.23546808e-01
     4.00655733e-01  6.50374346e-01]
   ...
   [-2.81514661e+00 -3.31059955e+00 -2.65727014e+00 ... -8.84677708e-02
    -3.94638329e-02 -8.94301561e-03]
   [ 1.73522812e-01 -2.30028786e-01 -8.47003498e-01 ... -5.04516739e-01
    -3.94292653e-01 -5.08678663e-02]
   [ 1.46924303e+00  1.40464353e+00  1.27439221e+00 ...  8.78676355e-01
     3.58123115e-01 -8.32596671e-02]]

  ...

  [[ 1.65928852e+00  1.70858730e+00  1.77796159e+00 ...  3.82291702e-01
     8.68217626e-02 -2.34107656e-01]
   [-3.72479251e-01 -4.71921717e-01 -6.73657212e-01 ... -2.44652970e-01
    -1.47225450e-01 -1.75009400e-01]
   [-3.80240176e-01 -5.02828970e-01 -6.43644119e-01 ... -4.79383772e-01
    -7.42820932e-01 -8.39630078e-01]
   ...
   [ 9.38701009e-01  7.77246024e-01  4.83191431e-01 ... -1.74728924e-01
    -9.69974682e-02  1.99788386e-02]
   [ 8.55128870e-01  7.04587355e-01  5.96038422e-01 ... -5.59082137e-01
    -6.19529410e-01 -4.61672396e-01]
   [ 3.92061561e-01  2.97499773e-01  5.10529271e-02 ...  5.77091887e-01
     1.28543711e+00  1.75040461e+00]]

  [[ 1.64101889e+00  1.70867718e+00  1.79383613e+00 ... -8.52801954e-01
    -8.07368370e-01 -9.02815585e-01]
   [-3.15204565e-01 -4.42738599e-01 -7.39121614e-01 ... -6.06945574e-02
     2.46900854e-01  4.08915845e-01]
   [-3.13049401e-01 -4.19832248e-01 -5.81051575e-01 ... -2.37196502e-01
    -1.60169843e-01 -1.95998139e-01]
   ...
   [ 9.74849706e-01  8.17336509e-01  4.44855999e-01 ...  4.68147067e-01
     4.68237210e-01  3.38313685e-01]
   [ 8.10197934e-01  5.73861382e-01  4.47039223e-01 ...  5.00481750e-01
     1.58667370e-01 -2.71966360e-01]
   [ 4.91956488e-01  3.57847532e-01  2.95909290e-02 ...  1.55252397e+00
     1.24357205e+00  1.01896130e+00]]

  [[ 1.58381831e+00  1.65929418e+00  1.74893485e+00 ... -5.21648166e-01
    -2.20404754e-01 -2.07514138e-01]
   [-2.74815784e-01 -4.19497090e-01 -7.85969969e-01 ... -1.36418372e+00
    -1.62315175e+00 -1.71432137e+00]
   [-2.59363615e-01 -3.55907959e-01 -5.83451835e-01 ... -5.69879746e-01
    -3.10631740e-01 -1.62433672e-01]
   ...
   [ 9.96909061e-01  8.58512440e-01  4.88344494e-01 ... -2.39656838e-01
    -4.48522248e-01 -6.94996379e-01]
   [ 7.73579599e-01  4.01133073e-01  1.67037946e-01 ... -3.00850723e-01
    -1.00476141e+00 -1.59463137e+00]
   [ 5.86305208e-01  4.26075700e-01  5.81210144e-02 ...  3.43637573e-01
     4.43270447e-01  6.11015224e-01]]]


 [[[-4.22409103e-01 -1.75221579e-01 -5.15787506e-02 ...  9.91524439e-01
     7.09996055e-01  2.55920268e-01]
   [-7.38690120e-01 -5.89066626e-01 -4.86861187e-01 ... -6.89058023e-01
    -7.69387030e-01 -8.43919808e-01]
   [-7.23636537e-01 -5.64680761e-01 -4.50084636e-01 ... -8.04310563e-01
    -5.52410059e-01 -3.28845597e-01]
   ...
   [-2.30663601e-01 -1.89400717e-02  1.12157549e-01 ...  2.06711200e-01
     6.32019856e-01  9.15266975e-01]
   [-8.77472011e-01 -1.29324628e+00 -9.72654643e-01 ...  3.17557596e-01
     1.26043755e-01 -2.87738078e-01]
   [ 4.92370863e-01  5.57637105e-01  7.20877929e-01 ... -2.78730057e-01
     3.71766103e-01  7.10733363e-01]]

  [[-5.75534388e-01 -2.67625581e-01 -1.25655068e-01 ... -1.03495876e-01
    -2.79593228e-01 -5.55028736e-01]
   [-4.11211258e-01 -4.00409974e-01 -4.35403817e-01 ... -4.43951323e-01
    -9.10941739e-01 -1.30014477e+00]
   [-4.25549420e-01 -2.88279985e-01 -1.84498717e-01 ...  9.35454384e-01
     1.00258897e+00  1.03760004e+00]
   ...
   [-4.18963539e-01 -1.53834000e-01  4.75669265e-03 ...  4.61987288e-01
     6.21714065e-01  7.05885372e-01]
   [-1.05891849e+00 -2.31558702e+00 -1.25317308e+00 ...  3.35573358e-01
     1.57195187e-01 -2.95654072e-01]
   [ 5.42970396e-01  5.66464468e-01  7.31322874e-01 ... -1.58147092e+00
    -1.58937958e+00 -1.55102044e+00]]

  [[-7.97733049e-01 -3.84259342e-01 -2.08742585e-01 ...  3.26023831e-02
     1.93833050e-01  1.65663870e-01]
   [-1.99718397e-01 -2.68695435e-01 -4.13235194e-01 ... -7.84222491e-01
    -6.24215541e-01 -2.77754791e-01]
   [-2.25277081e-01 -8.11948823e-02  4.37602013e-02 ... -1.07557893e+00
    -6.99703529e-01 -1.34831299e-01]
   ...
   [-6.29797653e-01 -3.06893277e-01 -1.27734308e-01 ...  4.00571559e-01
     4.76139074e-01  3.80848331e-01]
   [-9.41603482e-01 -2.17081024e+00 -1.26541890e+00 ... -4.45317180e-01
    -8.47840976e-01 -9.20279538e-01]
   [ 5.38610988e-01  4.83343744e-01  6.38889274e-01 ... -3.49945524e-01
    -7.06817274e-01 -8.56564237e-01]]

  ...

  [[ 1.37221493e+00  1.56949622e+00  1.73669307e+00 ...  1.55581433e+00
     1.27706073e+00  9.02859932e-01]
   [ 1.70066468e-01  4.63457777e-02 -2.43508941e-02 ...  1.57613763e+00
     1.63086897e+00  1.43764907e+00]
   [-2.01997569e-01 -3.63886830e-01 -5.43732485e-01 ... -8.62210943e-01
    -5.44102540e-01  6.71648734e-02]
   ...
   [-1.92998371e-01 -7.96154011e-01 -6.00435009e-01 ... -4.06538430e-01
    -2.18117865e-02  2.55639215e-01]
   [-5.00539991e-01 -7.74775071e-01 -1.42762475e+00 ... -1.89177085e+00
    -2.26795515e+00 -2.34899597e+00]
   [ 6.65316929e-01  8.65784662e-01  9.57620711e-01 ... -3.74451579e-01
     1.18942454e-01  5.10003564e-01]]

  [[ 1.32078726e+00  1.52025869e+00  1.69102886e+00 ... -7.20808619e-01
    -5.30859519e-01 -4.72358419e-01]
   [ 1.52163827e-01  4.67144913e-03 -2.75672645e-02 ... -9.59238441e-01
    -4.07706993e-01  1.88314939e-01]
   [-1.75113864e-01 -3.53356885e-01 -4.98239717e-01 ...  1.71390298e-01
     1.00987648e-01 -1.06531529e-01]
   ...
   [ 1.25343288e-01 -1.13937287e-01 -2.48847808e-02 ...  3.38706546e-02
     1.47778479e-01  2.50147730e-01]
   [-5.43973146e-01 -6.84849856e-01 -1.16821981e+00 ...  1.60286201e-01
     7.56422095e-02 -2.48772800e-01]
   [ 6.74236263e-01  8.82889073e-01  9.58666743e-01 ...  5.58245273e-01
     2.20176475e-01 -1.62622776e-02]]

  [[ 1.22914746e+00  1.42486002e+00  1.58970682e+00 ...  3.94753829e-02
     4.50254060e-01  6.42095486e-01]
   [ 1.03179292e-01 -1.14491822e-01 -1.41423552e-01 ... -1.12627046e+00
    -1.37596768e+00 -1.44053149e+00]
   [-1.37382728e-01 -3.78437989e-01 -5.30965729e-01 ...  9.88116262e-02
     2.01697301e-01  3.21640738e-01]
   ...
   [ 4.07945252e-01  3.41161233e-01  4.49813956e-01 ...  6.31510973e-01
     2.58831387e-01 -2.29725609e-01]
   [-5.29050849e-01 -5.28031206e-01 -9.05367501e-01 ... -4.74624901e-01
    -7.76866872e-01 -8.76520645e-01]
   [ 6.67961123e-01  8.79637044e-01  9.33747457e-01 ... -7.48382728e-01
    -6.68430092e-01 -5.03262830e-01]]]


 [[[-1.24265703e-01 -4.45896513e-01 -1.08383706e+00 ...  3.81153768e-01
     2.48140718e-01 -2.91634301e-03]
   [-6.06073155e-01 -6.74919969e-01 -1.05959049e+00 ...  2.43202024e-01
     3.59871513e-02 -3.36983818e-01]
   [ 6.89986104e-01  6.45928692e-01  4.98768484e-01 ... -1.71327977e+00
    -1.34575230e+00 -8.69748868e-01]
   ...
   [-6.12007520e-01 -4.36815722e-01 -3.05528307e-01 ...  4.94000412e-01
     3.36014882e-01  2.64601949e-01]
   [-2.46446796e-01 -3.89049962e-01 -8.19662802e-01 ... -3.06743943e-01
    -3.49777376e-01 -3.65918909e-01]
   [ 1.05937707e+00  9.05152173e-01  6.47755331e-01 ... -1.13117397e+00
    -9.19747469e-01 -7.14463656e-01]]

  [[-1.61036347e-01 -4.73475207e-01 -9.52526243e-01 ...  5.65930153e-01
     3.04804550e-01 -1.09719857e-01]
   [-5.49630509e-01 -5.92638406e-01 -9.57256907e-01 ... -6.78374461e-01
    -1.04528286e+00 -1.50047695e+00]
   [ 7.66365743e-01  7.28375853e-01  5.80788320e-01 ...  4.39661895e-01
     4.12329204e-01  3.10321807e-01]
   ...
   [-8.28158121e-01 -5.72060942e-01 -4.26355132e-01 ...  1.00692958e+00
     1.17090629e+00  1.11991777e+00]
   [-1.08595181e-01 -3.26605087e-01 -9.32710741e-01 ... -3.90596949e-01
    -1.43521959e-01 -1.58571860e-01]
   [ 1.20557851e+00  1.13427172e+00  1.01466933e+00 ... -2.17856266e+00
    -1.87221807e+00 -1.63303493e+00]]

  [[-2.05402858e-01 -4.85525705e-01 -8.03235286e-01 ...  4.16141153e-01
     3.48780302e-01 -5.24285901e-03]
   [-4.73280283e-01 -4.83230675e-01 -7.34232747e-01 ... -5.04926285e-01
    -2.99779057e-01 -1.27714282e-01]
   [ 8.27489569e-01  7.95592934e-01  6.48038912e-01 ... -2.98543941e-01
    -4.73350591e-01 -3.43015411e-01]
   ...
   [-1.12174697e+00 -7.28415066e-01 -5.67764508e-01 ...  1.57697911e+00
     1.68772214e+00  1.58581327e+00]
   [ 1.09108538e-02 -2.23037709e-01 -8.07413665e-01 ... -1.91512793e-01
    -4.28546142e-01 -6.73020825e-01]
   [ 1.32397629e+00  1.32087126e+00  1.29679272e+00 ... -1.98830579e+00
    -1.65997462e+00 -1.24943797e+00]]

  ...

  [[ 1.31887356e+00  1.27252347e+00  1.28862495e+00 ...  1.57008316e+00
     1.23827639e+00  7.70296987e-01]
   [-4.92295286e-01 -3.69879664e-01 -3.81896275e-01 ...  2.55098366e+00
     2.63408871e+00  2.56155241e+00]
   [ 2.82871266e-01  2.56936151e-01  1.98842044e-01 ...  1.28098979e-01
     4.42538502e-01  9.38722667e-01]
   ...
   [ 1.08645357e+00  1.00011170e+00  7.73628278e-01 ... -1.09489619e+00
    -1.12266675e+00 -1.00919286e+00]
   [ 8.83210258e-01  7.40390874e-01  6.55328441e-01 ... -1.14611208e+00
    -1.64589352e+00 -1.98672875e+00]
   [-2.78058640e-01 -5.91845942e-01 -9.17966936e-01 ... -1.23987034e+00
    -1.50479535e+00 -1.67345846e+00]]

  [[ 1.31930668e+00  1.31471865e+00  1.36749149e+00 ... -6.69152407e-01
    -4.79936490e-01 -3.98699367e-01]
   [-4.39209940e-01 -2.95473083e-01 -2.49453741e-01 ... -9.61182473e-01
    -6.93763382e-01 -8.23962209e-02]
   [ 3.34802956e-01  3.29909619e-01  2.82203759e-01 ...  4.52441879e-02
    -7.85600688e-02 -2.05294883e-01]
   ...
   [ 1.10461853e+00  1.01473385e+00  7.64277305e-01 ... -5.21907826e-01
    -5.77295499e-01 -2.97601396e-01]
   [ 7.53769939e-01  5.14413731e-01  4.82762583e-01 ... -6.06731270e-01
    -5.13151557e-01 -6.14866040e-01]
   [-3.58945717e-02 -2.14745013e-01 -3.28012400e-01 ... -1.37550888e-01
    -3.42929390e-01 -6.65651922e-01]]

  [[ 1.27863330e+00  1.29619038e+00  1.36814000e+00 ...  1.11063664e+00
     1.16479784e+00  1.24012378e+00]
   [-4.28722879e-01 -2.55705103e-01 -1.51417016e-01 ... -9.39146560e-01
    -1.29903902e+00 -1.41114460e+00]
   [ 3.57053553e-01  3.71874339e-01  3.03469307e-01 ...  1.58384084e-01
    -3.35561795e-02 -1.21135684e-01]
   ...
   [ 1.09740939e+00  1.01633160e+00  7.83378876e-01 ...  1.18384909e+00
     9.63444499e-01  7.08092242e-01]
   [ 6.22631890e-01  1.57551078e-01  2.37082375e-01 ... -3.37249264e-01
    -1.53952926e-01 -2.80096322e-02]
   [ 2.18854191e-01  1.21932079e-01  8.81054919e-02 ... -2.70180941e-02
     1.79455447e-01  3.97795986e-01]]]


 ...


 [[[-4.26286276e-01 -1.70920402e+00 -1.40056044e+00 ... -9.40057478e-01
    -9.80231664e-01 -1.03164386e+00]
   [ 1.79841848e-01  3.83802627e-01  5.85921735e-01 ... -3.23725018e-01
    -3.25114436e-01 -2.91019077e-01]
   [ 4.00090614e-01 -1.02222015e-01 -1.23972867e+00 ...  4.71949809e-01
     8.86336178e-01  1.19755527e+00]
   ...
   [ 3.63694921e-01  4.97023963e-02 -1.73691482e-01 ...  8.38348372e-01
     1.07571763e+00  1.22913829e+00]
   [ 6.13879402e-01 -3.31280808e-03 -1.06306601e+00 ... -3.04873186e-01
    -1.61116749e-01  3.55465009e-02]
   [ 6.45680683e-01  7.00376622e-01  8.06429883e-01 ...  2.57894442e-01
     1.81924148e-01  1.73248605e-01]]

  [[-3.21091309e-01 -1.64687578e+00 -1.47907930e+00 ... -5.23741673e-01
    -7.12140554e-01 -8.54577710e-01]
   [ 4.73860164e-01  6.67501614e-01  8.43121009e-01 ...  1.25093177e-01
     2.04828227e-01  2.71878476e-01]
   [ 5.58084790e-01  3.57745701e-02 -1.68711315e+00 ...  1.23335679e+00
     1.56174899e+00  1.79660380e+00]
   ...
   [ 7.16486541e-01  4.70589724e-01  3.13954044e-01 ...  8.45396048e-01
     8.78084870e-01  7.87372090e-01]
   [ 4.93707032e-01 -2.07713855e-01 -2.21580467e+00 ... -4.70228372e-01
    -3.28962804e-01 -1.79909451e-01]
   [ 8.09202398e-01  9.14017705e-01  1.03073748e+00 ...  1.88382828e-01
     3.53248576e-02  2.78255809e-02]]

  [[-1.21785157e-01 -8.56482248e-01 -8.13058856e-01 ... -6.28753223e-01
    -8.80333259e-01 -1.14288373e+00]
   [ 7.02178508e-01  8.90768326e-01  1.04660378e+00 ... -6.02765752e-02
    -1.02816533e-01 -1.08965683e-01]
   [ 7.21861542e-01  3.12912686e-01 -3.92392021e-01 ...  1.22681606e+00
     1.28893399e+00  1.37606328e+00]
   ...
   [ 9.90294494e-01  7.90554908e-01  6.57060693e-01 ...  1.68277566e-01
     1.48311723e-01  2.24916094e-01]
   [ 4.11183360e-01 -1.79196087e-01 -9.66983240e-01 ...  5.74115242e-01
     7.33484480e-01  8.06623200e-01]
   [ 9.27304714e-01  1.05809363e+00  1.18411120e+00 ... -2.09315291e-01
    -1.60572766e-01 -1.23080344e-01]]

  ...

  [[-1.81741150e-02 -4.87673284e-01 -9.73782748e-01 ... -1.27719674e+00
    -1.31541492e+00 -1.24836221e+00]
   [ 3.62117091e-01  6.74839277e-01  6.43616549e-01 ...  6.88942671e-01
     7.02742447e-01  6.75273768e-01]
   [ 9.74118818e-01  8.31163157e-01  8.43753949e-01 ...  7.57761402e-01
     8.60651064e-01  1.04294439e+00]
   ...
   [ 8.38737889e-01  6.98628969e-01  5.78033034e-01 ...  6.04071815e-01
     5.66076020e-01  4.76979943e-01]
   [ 1.27170867e+00  1.35290525e+00  1.36970027e+00 ...  1.75948136e-01
     2.19523055e-01  2.89944415e-01]
   [ 2.67668987e-01  5.48143966e-01  8.21045650e-01 ...  1.16627544e+00
     1.15182054e+00  1.20803690e+00]]

  [[ 1.92420512e-01 -2.57779372e-01 -7.94867997e-01 ... -7.85350562e-01
    -8.69884951e-01 -9.08520730e-01]
   [ 3.12192482e-01  6.20116178e-01  6.02112962e-01 ...  7.52995555e-01
     9.32415569e-01  1.02459183e+00]
   [ 9.63146511e-01  6.39286621e-01  6.25560935e-01 ...  1.15735568e+00
     1.00320473e+00  9.64009839e-01]
   ...
   [ 6.60711684e-01  6.29530251e-01  5.76892361e-01 ... -1.32957449e-01
     2.36402026e-02  1.24424411e-01]
   [ 1.41198806e+00  1.46480760e+00  1.42747996e+00 ... -2.00931509e-01
    -9.99665746e-02  1.00633844e-01]
   [-2.03656729e-01  3.88424875e-01  8.05592615e-01 ...  1.92351502e+00
     1.81142193e+00  1.72491216e+00]]

  [[ 3.81161715e-01 -4.55974076e-02 -6.57994453e-01 ... -5.85276212e-01
    -7.31763156e-01 -7.33090413e-01]
   [ 2.64021020e-01  5.72065377e-01  5.91812269e-01 ...  1.18155319e+00
     1.26229541e+00  1.30013877e+00]
   [ 9.45147024e-01  3.19493125e-01  2.02952600e-01 ...  5.63033313e-01
     5.24505434e-01  6.04232742e-01]
   ...
   [ 3.96643496e-01  5.00249034e-01  5.10721799e-01 ... -2.41472105e-01
    -1.57491756e-01  2.26679480e-02]
   [ 1.45327872e+00  1.50379356e+00  1.43948126e+00 ... -8.25733003e-02
     8.86285909e-02  1.67742574e-01]
   [-8.18012226e-01  2.51514329e-01  7.69632117e-01 ...  2.90057293e+00
     2.87128587e+00  2.80866870e+00]]]


 [[[-4.92939717e-01 -1.94818137e+00 -1.44060028e+00 ... -1.06968265e+00
    -1.28511114e+00 -1.43311669e+00]
   [ 3.93159428e-02  2.56298369e-01  4.58694634e-01 ... -9.25846560e-02
    -1.42083580e-01 -1.64642251e-01]
   [ 3.92873965e-01 -1.11314612e-01 -1.37505691e+00 ...  4.65621324e-01
     9.08724761e-01  1.24046638e+00]
   ...
   [ 3.66822307e-01  9.17044136e-02 -2.13518176e-01 ...  9.35802155e-01
     1.17821760e+00  1.32633804e+00]
   [ 6.44550632e-01  4.73867469e-02 -1.04433784e+00 ... -4.21736013e-01
    -2.16155678e-01 -1.20777555e-02]
   [ 6.60486180e-01  7.13768012e-01  8.05878345e-01 ...  2.62927521e-01
     2.65690394e-01  2.82963377e-01]]

  [[-3.55407970e-01 -1.62525404e+00 -1.34455264e+00 ... -3.96016724e-01
    -6.78802895e-01 -9.53314524e-01]
   [ 3.42210263e-01  5.43629136e-01  7.20780789e-01 ... -1.09101547e-01
    -5.19121720e-02 -7.87441949e-03]
   [ 5.71363413e-01  6.56286972e-02 -1.54140267e+00 ...  1.28870991e+00
     1.60185874e+00  1.83509565e+00]
   ...
   [ 7.04623848e-01  4.69599577e-01  2.60491176e-01 ...  7.26152378e-01
     7.71021516e-01  7.09785656e-01]
   [ 5.30435675e-01 -1.40502829e-01 -2.09679369e+00 ... -8.82308528e-01
    -6.62775047e-01 -4.12832363e-01]
   [ 8.17291297e-01  9.19959400e-01  1.02611107e+00 ...  4.56646914e-01
     4.47298310e-01  5.10816398e-01]]

  [[-1.30621273e-01 -7.80444078e-01 -6.91016879e-01 ... -9.93013245e-01
    -9.91562974e-01 -1.04369651e+00]
   [ 5.80047119e-01  7.73405890e-01  9.30396429e-01 ... -1.28831855e-01
    -2.05029535e-01 -2.18463604e-01]
   [ 7.48716912e-01  3.63026149e-01 -2.81421952e-01 ...  1.18545143e+00
     1.28176458e+00  1.39425085e+00]
   ...
   [ 9.67363444e-01  7.67264904e-01  5.99612859e-01 ...  1.81137059e-01
     1.22877971e-01  2.27876166e-01]
   [ 4.52100953e-01 -1.11265508e-01 -9.12138267e-01 ...  5.12410545e-01
     6.19535360e-01  6.74621236e-01]
   [ 9.29758094e-01  1.05805372e+00  1.17570785e+00 ... -3.36699853e-01
    -2.88665084e-01 -2.29722174e-01]]

  ...

  [[-3.16544910e-01 -8.82332164e-01 -1.43316254e+00 ... -1.10765953e+00
    -1.19231528e+00 -1.20263239e+00]
   [ 3.10146629e-01  6.46918389e-01  6.24892688e-01 ...  3.73758899e-01
     4.59244932e-01  4.79618256e-01]
   [ 9.53411474e-01  8.13587618e-01  8.32685753e-01 ...  6.42114143e-01
     7.11480902e-01  8.61614103e-01]
   ...
   [ 8.08635149e-01  6.51486245e-01  5.19160726e-01 ...  7.60763498e-01
     6.43769861e-01  4.98579431e-01]
   [ 1.26135971e+00  1.33412296e+00  1.34523650e+00 ...  2.96342525e-02
     1.65649546e-02  7.83063126e-02]
   [ 2.20311775e-01  5.25380243e-01  8.14692734e-01 ...  1.18531195e+00
     1.19203446e+00  1.27747344e+00]]

  [[-6.10199461e-02 -5.52659924e-01 -1.11023750e+00 ... -6.04770664e-01
    -6.52488198e-01 -7.77669926e-01]
   [ 2.34903953e-01  5.75784654e-01  5.73715661e-01 ...  6.87429314e-01
     8.42513489e-01  9.10001218e-01]
   [ 9.40651542e-01  6.12493596e-01  6.04217417e-01 ...  1.14312350e+00
     1.04227049e+00  1.01335776e+00]
   ...
   [ 6.27741352e-01  5.87809570e-01  5.34890561e-01 ... -1.14757817e-01
     4.96819408e-02  1.74618355e-01]
   [ 1.39830285e+00  1.44791118e+00  1.40317507e+00 ...  1.83738307e-02
    -3.01193917e-03  2.97072873e-02]
   [-2.73660234e-01  3.62861203e-01  7.96498095e-01 ...  1.94698192e+00
     1.82741792e+00  1.71925521e+00]]

  [[ 1.71731549e-01 -2.57756721e-01 -8.52098312e-01 ... -4.95273651e-01
    -4.61254175e-01 -2.90401503e-01]
   [ 1.72482672e-01  5.16422345e-01  5.56783234e-01 ...  1.28419899e+00
     1.33428716e+00  1.32608864e+00]
   [ 9.22389846e-01  2.79574448e-01  1.67270255e-01 ...  4.48518060e-01
     4.41512108e-01  5.36655528e-01]
   ...
   [ 3.64220063e-01  4.64841430e-01  4.79180110e-01 ... -5.83958567e-02
     8.11030647e-02  2.34133897e-01]
   [ 1.43804141e+00  1.48843696e+00  1.41496926e+00 ...  3.22812599e-02
     5.08637408e-02  4.71809803e-02]
   [-9.06752099e-01  2.32216643e-01  7.62429485e-01 ...  2.90128599e+00
     2.88920163e+00  2.84259579e+00]]]


 [[[ 8.49921239e-01  7.50064774e-01  5.60963334e-01 ... -7.40557306e-01
    -7.77384301e-01 -6.15029483e-01]
   [ 5.38835150e-01  5.76637546e-01  7.00210738e-01 ...  1.74311682e-01
    -2.22685784e-01 -5.09804518e-01]
   [ 1.75512720e+00  1.79986489e+00  1.85576798e+00 ... -2.48741868e-02
     3.12062199e-01  5.34878480e-01]
   ...
   [-3.35008484e-01  3.38382941e-01  7.93611716e-01 ...  1.32110008e-01
     4.23652942e-01  5.55453286e-01]
   [ 1.32014017e-02  4.28995369e-01  5.81516001e-01 ... -9.46399555e-01
    -6.33229261e-01 -1.87120029e-01]
   [-1.80222505e+00 -1.91112184e+00 -1.02858812e+00 ...  5.63160935e-01
     4.31426913e-01  5.33757192e-01]]

  [[ 8.91094075e-01  7.83499718e-01  5.61778716e-01 ... -1.10752447e+00
    -1.08202836e+00 -7.01106946e-01]
   [ 3.55389879e-01  4.69413378e-01  6.45571858e-01 ...  8.95552709e-01
     6.02570731e-01  1.63029016e-01]
   [ 1.74526779e+00  1.79551368e+00  1.85256654e+00 ...  9.59512739e-02
    -1.88225535e-01 -3.53042727e-01]
   ...
   [-1.41580143e-01  4.95573523e-01  9.42390458e-01 ...  1.19476000e+00
     1.15126148e+00  7.28524919e-01]
   [ 2.39447740e-01  5.29596848e-01  6.05521064e-01 ...  4.23700757e-02
    -1.19231142e-01 -2.09284352e-01]
   [-1.39474387e+00 -1.47554639e+00 -1.08729669e+00 ...  1.90326925e-01
     1.91633826e-01  9.38489960e-02]]

  [[ 8.91504230e-01  7.76674554e-01  5.16329322e-01 ...  2.65316267e-01
     2.73827226e-01  1.69910233e-01]
   [ 7.60421822e-02  2.74581114e-01  5.01575196e-01 ...  5.45029700e-01
     4.15267142e-01  2.76240378e-01]
   [ 1.67080020e+00  1.71233755e+00  1.76363473e+00 ...  3.21956695e-01
     8.61044296e-02 -6.44648759e-02]
   ...
   [-1.91136076e-02  6.14403834e-01  1.06267624e+00 ...  1.50316322e-01
     6.77926360e-01  7.67454228e-01]
   [ 4.24647075e-01  6.15299233e-01  6.17779722e-01 ... -4.43169634e-02
    -1.06554381e-01 -8.49612935e-02]
   [-1.11629474e+00 -1.28882960e+00 -1.31619264e+00 ...  2.83594574e-01
     4.19091842e-01  5.50269551e-01]]

  ...

  [[ 1.13938392e+00  1.29130797e+00  1.26624660e+00 ... -6.02410118e-01
    -6.11815897e-01 -6.44263015e-01]
   [ 3.76862397e-01  3.19509193e-01  4.40512188e-01 ... -1.85827978e+00
    -9.97489260e-01 -2.67315060e-01]
   [-2.32023793e-01  4.51987273e-02  1.96692062e-01 ...  4.88170952e-01
     4.75480925e-01  4.83819885e-01]
   ...
   [-9.72683854e-01 -7.76114418e-01 -5.88380741e-01 ... -7.53073299e-02
    -4.01772585e-02  1.54926913e-01]
   [-8.01419367e-02  6.43319711e-01  1.22760496e+00 ... -9.80259176e-01
    -9.97628440e-01 -7.23203529e-01]
   [-5.32560474e-02  3.02469737e-01  4.32555681e-01 ... -3.98136240e-01
    -6.30747448e-01 -8.20292866e-01]]

  [[ 1.17589879e+00  1.27365594e+00  1.15112551e+00 ... -6.20337374e-01
    -3.68830504e-01  8.10920774e-02]
   [ 5.51318557e-01  6.09190799e-01  7.64065928e-01 ... -6.19534467e-01
    -2.79986353e-01 -7.87236552e-02]
   [-1.64546126e-01  1.99324292e-01  4.18686166e-01 ... -1.54269018e+00
    -1.49887409e+00 -1.28391676e+00]
   ...
   [-9.37947613e-01 -6.97319804e-01 -4.42633289e-01 ...  1.70506913e-01
     5.51967797e-02  1.37178259e-02]
   [-4.90111855e-01  3.55963451e-01  1.05264739e+00 ...  7.20953028e-01
     6.57901476e-01  5.94301187e-01]
   [ 3.17479905e-01  5.02894133e-01  5.36306908e-01 ...  2.28366365e+00
     2.62006351e+00  2.66842178e+00]]

  [[ 1.20952794e+00  1.25026478e+00  1.01882117e+00 ... -9.82964302e-01
    -1.05563092e+00 -6.53148284e-01]
   [ 6.74420589e-01  8.04567329e-01  9.68637813e-01 ...  8.30476620e-01
     6.55804549e-01  5.33103991e-01]
   [-3.01760565e-02  3.47910731e-01  5.92992605e-01 ... -1.13202306e+00
    -1.32623970e+00 -1.20109653e+00]
   ...
   [-9.89109422e-01 -7.05741937e-01 -3.73301681e-01 ...  1.81731106e-01
     7.54215294e-01  1.16298744e+00]
   [-1.11167109e+00  3.29776776e-02  8.82758175e-01 ... -3.63684543e-01
    -2.29661990e-01 -1.63162787e-01]
   [ 5.98095289e-01  6.73367149e-01  6.24247583e-01 ...  1.53892280e+00
     1.78219851e+00  1.93171438e+00]]]]","[[[[ 1.15641086e+00  1.22991518e+00  1.21047173e+00 ...  1.14026190e+00
     1.58238566e+00  2.07664462e+00]
   [-1.01383516e+00 -9.08513417e-01 -8.56806298e-01 ... -7.92970406e-01
    -6.50065734e-01 -4.87108601e-01]
   [ 7.11744972e-01  8.81843157e-01  1.04561202e+00 ...  1.04048833e-02
    -2.34862323e-01 -2.49222428e-01]
   ...
   [ 1.42221540e+00  1.74131628e+00  1.93320303e+00 ...  4.12399107e-01
     3.70111329e-01  1.59006932e-01]
   [ 7.51644895e-01  1.01057745e+00  1.23996915e+00 ...  7.81665459e-01
     7.68180402e-01  7.18273940e-01]
   [ 1.53761393e+00  1.51317855e+00  1.40360364e+00 ... -2.99410828e-01
    -4.67576114e-01 -5.88146233e-01]]

  [[ 1.31310088e+00  1.36751551e+00  1.36376095e+00 ...  7.21920736e-01
     1.05872033e+00  1.44747551e+00]
   [-9.68211417e-01 -9.67237141e-01 -1.08235490e+00 ... -9.93498688e-01
    -9.82532082e-01 -6.91678815e-01]
   [ 4.83090137e-01  7.07834007e-01  8.89747807e-01 ... -1.67062229e+00
    -1.72700922e+00 -1.42121144e+00]
   ...
   [ 1.26196559e+00  1.63747329e+00  1.83599317e+00 ...  1.51037383e-02
    -5.42462870e-02  3.40685751e-02]
   [ 6.99200361e-01  9.81128031e-01  1.22458304e+00 ...  4.58288715e-01
     1.66382888e-01 -2.38359986e-01]
   [ 1.61455057e+00  1.61994726e+00  1.54833540e+00 ...  3.44887309e-01
     3.98588142e-01  2.30936931e-01]]

  [[ 1.42532926e+00  1.47056311e+00  1.47805962e+00 ...  2.11862843e-01
     1.78359639e-01  2.67695144e-03]
   [-9.18774236e-01 -1.02995743e+00 -1.38981087e+00 ... -4.00488442e-01
     1.65764299e-02  3.18980960e-01]
   [ 1.85002012e-01  5.03873497e-01  7.10721494e-01 ... -7.16437824e-01
    -7.52475627e-01 -8.43091393e-01]
   ...
   [ 1.07446035e+00  1.52941656e+00  1.73316647e+00 ...  6.45635096e-01
     9.29677432e-01  1.22538967e+00]
   [ 6.04750652e-01  9.13739126e-01  1.16232469e+00 ...  6.73258631e-01
     4.76825216e-01  2.78272913e-01]
   [ 1.67023625e+00  1.70096823e+00  1.66071320e+00 ...  5.57357096e-01
     5.32338373e-01  4.22994901e-01]]

  ...

  [[-1.74433099e+00 -1.20331417e+00 -2.61071992e-01 ... -1.17433387e-01
    -1.44073483e-03  7.43979196e-02]
   [-1.23003834e+00 -1.30285022e+00 -1.02798472e+00 ... -7.48506822e-02
    -1.84932992e-01 -1.55473901e-01]
   [ 7.76992412e-02 -8.02908164e-02 -5.86232319e-01 ... -1.41917231e-01
    -3.15098896e-01 -4.84477640e-01]
   ...
   [ 2.32481859e-01  1.29371586e-01 -3.53517773e-02 ...  6.69808786e-01
     5.97195381e-01  5.23583545e-01]
   [-5.52076509e-02 -1.82718116e-02 -1.45300163e-01 ... -1.61859395e-01
    -5.15307680e-01 -8.96804633e-01]
   [-4.48890467e-01 -4.19214087e-01 -7.31733472e-01 ... -1.73243108e-01
     4.05076232e-01  9.04538939e-01]]

  [[-1.04659406e+00 -8.32161644e-01 -1.36253156e-01 ... -1.23631436e-01
     4.59738830e-01  7.77756406e-01]
   [-1.28030194e+00 -1.25439137e+00 -9.82274116e-01 ... -9.96026784e-02
     4.28674598e-01  6.04446743e-01]
   [ 3.28770627e-01  1.23597832e-01 -3.59691440e-01 ...  1.02280878e+00
     7.72166973e-01  5.68970865e-01]
   ...
   [ 6.76764489e-02  1.12915746e-02 -1.00611009e-01 ... -3.51270175e-01
    -3.48337835e-01 -2.79513600e-01]
   [-5.88767529e-02  9.55313350e-03 -6.27577891e-02 ... -3.47825845e-01
    -6.86945064e-01 -9.87620520e-01]
   [-8.05351799e-01 -5.83044467e-01 -7.80125889e-01 ... -1.72836902e+00
    -1.82376836e+00 -1.64697194e+00]]

  [[-5.44458244e-01 -4.14612144e-01  3.82339215e-02 ...  5.80517891e-01
     1.01588094e+00  1.44143976e+00]
   [-1.42152370e+00 -1.35491906e+00 -1.03374804e+00 ... -3.40236436e-01
     5.43076249e-02  3.65345336e-01]
   [ 5.60483125e-01  3.52207797e-01 -5.03677475e-02 ... -9.87111413e-02
    -1.53734954e-01 -2.55979143e-01]
   ...
   [-1.41172164e-01 -1.37824654e-01 -1.92074991e-01 ...  1.42288164e-01
     3.49801607e-01  4.51062021e-01]
   [-8.55190452e-02  2.05883923e-02  2.77089477e-03 ... -8.95888566e-01
    -1.57502516e+00 -1.96804046e+00]
   [-1.21875678e+00 -6.78803920e-01 -6.98316883e-01 ... -1.41716225e+00
    -1.65242059e+00 -1.84040667e+00]]]


 [[[ 8.76990432e-01  4.82765355e-01  2.12251303e-01 ...  4.22894023e-01
     1.04686757e+00  1.63003412e+00]
   [-2.55689758e-01 -1.08128745e-02 -5.34203087e-02 ... -7.37885856e-01
    -4.43632324e-01 -1.48764235e-01]
   [ 6.59321240e-01  8.41312485e-01  1.05894840e+00 ... -7.49983460e-01
    -6.32899140e-01 -3.10041262e-01]
   ...
   [ 1.58353837e+00  1.83791462e+00  1.91329984e+00 ... -4.40070398e-01
    -4.92922783e-01 -4.89235842e-01]
   [ 6.33865117e-01  9.05720332e-01  1.19005694e+00 ...  1.99653746e-01
    -3.98377465e-01 -9.58278578e-01]
   [ 1.69492509e+00  1.66047967e+00  1.55193418e+00 ... -1.26660849e-01
    -3.35735660e-01 -4.35214563e-01]]

  [[ 9.88352844e-01  7.34882295e-01  5.44398724e-01 ... -3.22570616e-01
    -1.95344710e-01  2.29699244e-01]
   [-2.16636929e-01 -4.83477454e-03 -8.06896266e-02 ... -7.87639405e-01
    -6.92974080e-01 -4.23176793e-01]
   [ 4.96010104e-01  7.49262285e-01  9.98252635e-01 ... -1.79336174e+00
    -7.83294818e-01  2.82282914e-01]
   ...
   [ 1.44050499e+00  1.73308323e+00  1.82511696e+00 ...  3.74945742e-01
     5.98021592e-01  7.77425998e-01]
   [ 5.51913285e-01  8.06534700e-01  1.08464849e+00 ... -2.06605037e-01
    -3.51617618e-01 -5.82266711e-01]
   [ 1.80587674e+00  1.80083073e+00  1.72998367e+00 ... -6.00521773e-01
    -6.48792634e-01 -8.43642561e-01]]

  [[ 1.09412140e+00  9.24593453e-01  7.66942989e-01 ...  2.29217678e-02
    -2.74274332e-01 -4.66530008e-01]
   [-1.54219383e-01  2.00598885e-02 -7.88748932e-02 ... -3.52945395e-01
    -3.09353457e-01 -2.04530694e-01]
   [ 2.46829827e-01  6.00137866e-01  8.97594252e-01 ... -1.23783022e+00
    -8.79354603e-01 -5.58362697e-01]
   ...
   [ 1.25729028e+00  1.61553484e+00  1.74003470e+00 ...  5.79745120e-01
     5.99424506e-01  7.04580047e-01]
   [ 4.33279398e-01  6.54373678e-01  9.04722798e-01 ...  8.16158138e-01
     4.66311823e-01  2.15399269e-02]
   [ 1.88037628e+00  1.89969043e+00  1.86056870e+00 ... -5.53011948e-01
    -4.95910625e-01 -5.35341077e-01]]

  ...

  [[ 6.19477103e-02 -6.00825804e-01 -3.26895075e-01 ...  1.05431227e+00
     1.06021491e+00  9.79847497e-01]
   [-7.60811181e-01 -6.81248475e-01 -5.37835909e-01 ...  2.90341030e-01
    -1.18406704e-01 -4.82424118e-01]
   [ 1.48894769e-01 -2.93230284e-01 -7.29197528e-01 ...  5.53762564e-02
    -5.91224207e-02 -2.48775997e-01]
   ...
   [-2.01714457e-01 -7.55931879e-01 -1.72119366e+00 ...  5.62318975e-01
     3.85789432e-01  8.48308431e-02]
   [ 1.91191118e-01  1.41159775e-01 -1.35541121e-02 ... -7.09657724e-01
    -9.97288865e-01 -1.11929226e+00]
   [-1.67173553e+00 -9.15896435e-01 -2.93970492e-01 ... -5.18077427e-01
    -1.19536393e-01  2.98252341e-01]]

  [[ 5.09434631e-02 -1.26024977e+00 -6.61223736e-01 ... -5.40808745e-01
    -9.67169637e-02  2.38604355e-01]
   [-7.36632526e-01 -6.83535779e-01 -5.92517895e-01 ... -3.61938096e-02
     2.75922974e-01  5.47388178e-01]
   [ 2.49346235e-01 -3.99789120e-01 -1.72235593e+00 ... -6.26013868e-01
    -3.71009453e-01 -1.21452165e-01]
   ...
   [-2.04991922e-01 -7.55658536e-01 -1.51703717e+00 ... -2.66449910e-01
    -3.15131126e-01 -2.78354393e-01]
   [ 2.18840113e-01  1.45837462e-01 -1.02084285e-02 ... -6.59946167e-01
    -6.96327688e-01 -6.95632113e-01]
   [-1.27748084e+00 -9.42729269e-01 -3.88727414e-01 ... -1.28292251e+00
    -1.24904252e+00 -1.18493154e+00]]

  [[ 1.72239780e-01 -1.02081019e+00 -6.35788441e-01 ... -3.13582095e-01
    -1.33404579e-01  1.21378959e-01]
   [-7.90428252e-01 -7.71317539e-01 -7.21955666e-01 ...  5.36470410e-01
     6.70331952e-01  7.40883822e-01]
   [ 3.94331480e-01 -2.89845738e-01 -1.89609853e+00 ... -8.35321241e-01
    -8.49377613e-01 -9.81145086e-01]
   ...
   [-2.05139623e-01 -7.06125646e-01 -1.26253953e+00 ...  1.52101202e-01
     3.75939933e-01  5.28246358e-01]
   [ 2.05727876e-01  1.09700671e-01 -4.14038367e-02 ... -7.72640243e-01
    -1.40017657e+00 -1.72069106e+00]
   [-1.13649776e+00 -1.15564537e+00 -5.36974627e-01 ... -1.37831548e+00
    -1.40569324e+00 -1.30237050e+00]]]


 [[[ 8.13397136e-01  1.11652249e+00  1.26617498e+00 ... -4.29883151e-01
    -2.39027666e-01 -3.65295846e-02]
   [-1.09690061e+00 -1.16288592e+00 -1.12088239e+00 ... -7.71415608e-01
    -2.44035841e-01  1.13724939e-01]
   [ 6.07688019e-01  7.01534632e-01  7.67491475e-01 ... -1.00884064e+00
    -7.47027793e-01 -4.17806766e-01]
   ...
   [ 8.82628784e-01  1.28735255e+00  1.54409244e+00 ... -9.60473485e-01
    -5.66428528e-01 -1.85840705e-01]
   [ 6.79434632e-01  8.98427329e-01  1.04227109e+00 ... -5.06556435e-01
    -9.19630952e-01 -1.30453219e+00]
   [ 1.12067244e+00  1.04652116e+00  8.84680537e-01 ... -1.09906123e-01
    -3.81985657e-01 -6.28122728e-01]]

  [[ 1.09995565e+00  1.29238003e+00  1.41356017e+00 ... -9.43425533e-01
    -8.09132135e-01 -5.58582475e-01]
   [-1.24775358e+00 -1.35036114e+00 -1.26863803e+00 ... -9.41494260e-01
    -8.27686490e-01 -5.79167606e-01]
   [ 3.82334019e-01  4.84918616e-01  5.12477058e-01 ... -9.73798983e-01
    -2.81335729e-02  8.24822000e-01]
   ...
   [ 7.60258935e-01  1.22078401e+00  1.46535093e+00 ...  8.89313236e-01
     1.10223331e+00  1.26410993e+00]
   [ 6.32670056e-01  8.85053318e-01  1.04682309e+00 ...  4.29782619e-01
     5.77855855e-01  6.07825661e-01]
   [ 1.18311450e+00  1.15362108e+00  1.03511308e+00 ... -1.41614297e+00
    -1.90954054e+00 -2.32972661e+00]]

  [[ 1.28133194e+00  1.42588435e+00  1.53615458e+00 ... -9.37573650e-01
    -8.78226647e-01 -6.70948635e-01]
   [-1.41616824e+00 -1.64685911e+00 -1.50268121e+00 ... -6.04627005e-01
    -5.42413680e-01 -3.10826773e-01]
   [ 1.19384850e-01  2.45096762e-01  2.17264785e-01 ...  3.46028944e-01
     6.78473550e-01  8.89006051e-01]
   ...
   [ 6.49930185e-01  1.15985552e+00  1.37881422e+00 ... -7.55690239e-01
    -8.21866563e-01 -7.97687126e-01]
   [ 5.49657793e-01  8.43395081e-01  1.01847464e+00 ...  4.42285584e-01
     4.83624189e-01  5.35799749e-01]
   [ 1.22431151e+00  1.23522164e+00  1.15852332e+00 ... -8.58138484e-01
    -1.20369504e+00 -1.43541384e+00]]

  ...

  [[-2.27356922e-01 -3.53970027e-01 -3.18356614e-01 ...  1.73031632e+00
     1.42031405e+00  1.12811554e+00]
   [-1.98790239e+00 -1.95567691e+00 -1.49595985e+00 ...  2.99960599e-01
     7.06929864e-02 -6.90181393e-02]
   [-3.72119440e-01 -1.20021917e-01 -2.57406090e-01 ... -3.40599009e-02
    -8.50087926e-02 -2.09280487e-01]
   ...
   [ 5.14620749e-01  4.35499020e-01  3.40533597e-01 ... -9.47992807e-01
    -1.04569842e+00 -1.16982275e+00]
   [-6.15009042e-01 -4.86331177e-01 -4.14435920e-01 ... -1.71564829e+00
    -1.87151887e+00 -1.71903342e+00]
   [-3.74640031e-01  4.89848671e-02  1.51899837e-01 ... -1.58753235e+00
    -1.32382463e+00 -8.85957211e-01]]

  [[-7.18236830e-02 -1.99909020e-01 -1.90729390e-01 ... -1.47247674e+00
    -1.49066145e+00 -1.19570301e+00]
   [-2.35634122e+00 -2.00147038e+00 -1.39452588e+00 ...  2.91512723e-01
     2.79502019e-01  4.54594150e-01]
   [-1.88112447e-01 -4.11396591e-02 -2.51126024e-01 ... -6.54576583e-01
    -4.20594998e-01 -2.68072028e-01]
   ...
   [ 4.54089849e-01  4.28495961e-01  3.95998185e-01 ... -4.92431091e-01
    -2.65657464e-01 -1.40469009e-01]
   [-7.15338180e-01 -4.38292519e-01 -2.55528604e-01 ... -5.31175603e-01
    -6.13481937e-01 -5.65868172e-01]
   [-6.25283270e-01 -1.03816694e-01 -2.76084072e-02 ... -9.45069724e-01
    -3.55521546e-01  5.82517513e-03]]

  [[ 7.51528653e-02 -1.02565919e-01 -1.60425634e-01 ... -1.90437293e+00
    -2.09555410e+00 -1.95239337e+00]
   [-3.09975625e+00 -2.14868963e+00 -1.34901626e+00 ...  6.47083994e-01
     6.40837030e-01  6.30210972e-01]
   [ 4.33426436e-02  9.32778514e-02 -1.46396925e-01 ... -1.63617563e+00
    -1.38220967e+00 -1.28241199e+00]
   ...
   [ 3.63342569e-01  3.81077114e-01  3.93693205e-01 ... -2.68643452e-02
     1.86211677e-02 -3.22535702e-02]
   [-8.33980952e-01 -4.11642308e-01 -1.47779329e-01 ... -4.96662837e-01
    -7.47719353e-01 -9.10264160e-01]
   [-6.78584008e-01 -1.85354611e-01 -1.55710176e-01 ... -1.38788232e+00
    -1.25641864e+00 -8.45162446e-01]]]


 ...


 [[[-5.51912288e-01 -2.57144671e-01 -6.30702647e-02 ...  2.75414409e+00
     2.77844801e+00  2.71173412e+00]
   [-1.15307300e+00 -1.27686775e+00 -7.74985543e-01 ... -2.27454519e-01
    -7.11743782e-02  1.04187497e-01]
   [-2.82311239e+00 -1.98305708e+00 -7.17977763e-01 ...  6.09487090e-01
     7.04207790e-01  7.17879126e-01]
   ...
   [ 1.52560440e+00  1.19738965e+00  3.59828608e-01 ... -6.97321551e-01
    -7.13380708e-01 -7.97371314e-01]
   [-6.56971784e-01 -1.56593165e+00 -2.44300650e+00 ...  5.66430679e-01
     6.74292001e-01  6.69514585e-01]
   [ 7.05548236e-01  7.72150290e-01  7.55379290e-01 ... -5.29564655e-01
    -6.90200519e-01 -7.13051142e-01]]

  [[-4.52041516e-02  8.31691534e-02  1.05939041e-01 ...  2.20795333e+00
     2.21397365e+00  2.20534920e+00]
   [-1.62377440e+00 -2.12674875e+00 -1.08625586e+00 ... -1.06277526e-01
    -2.41888150e-02  6.72725846e-02]
   [-2.23677225e+00 -1.74727532e+00 -6.76239251e-01 ...  7.74360476e-01
     8.19086393e-01  8.98252590e-01]
   ...
   [ 1.51229933e+00  1.20738166e+00  2.99684171e-01 ... -7.80859527e-01
    -7.72900139e-01 -7.71774251e-01]
   [-1.21306625e-01 -8.62878096e-01 -1.79044405e+00 ...  9.09117680e-02
     1.08431110e-02 -2.22860468e-02]
   [ 8.82270726e-01  9.50462358e-01  9.38440717e-01 ... -5.05478294e-01
    -3.51225673e-01 -1.02422355e-01]]

  [[ 2.79230235e-01  3.47618128e-01  3.04063779e-01 ...  8.46198991e-01
     7.94980144e-01  8.13017956e-01]
   [-1.97153888e+00 -2.90127180e+00 -1.22815865e+00 ... -2.57926568e-01
    -1.52145652e-01 -4.82357030e-02]
   [-1.53345337e+00 -1.22591477e+00 -5.31205933e-01 ...  1.26075571e+00
     1.19067352e+00  1.15395957e+00]
   ...
   [ 1.51532072e+00  1.30069110e+00  6.48204945e-01 ... -7.15964198e-01
    -6.36867625e-01 -6.09054509e-01]
   [ 3.10501260e-01 -1.88733658e-01 -5.63595195e-01 ...  1.18945148e-01
     6.07900725e-02  1.00523616e-01]
   [ 1.00151831e+00  1.07626995e+00  1.07061988e+00 ... -3.78195505e-01
    -1.54324016e-01  1.56548771e-01]]

  ...

  [[ 6.66523389e-01  2.36370383e-01 -8.46719859e-01 ...  8.28074211e-01
     8.39500508e-01  8.99900468e-01]
   [-6.34545579e-01 -2.93991636e-01  1.36465254e-02 ...  1.04219078e+00
     1.27725677e+00  1.51346532e+00]
   [ 9.63827271e-01  8.42433657e-01  7.96638708e-01 ...  1.21978005e+00
     1.16496792e+00  1.08226293e+00]
   ...
   [ 9.31131658e-01  1.23448583e+00  1.53011755e+00 ... -2.10153942e-02
    -1.45719665e-01 -2.35852878e-01]
   [ 1.82908335e-01 -1.11485824e-02  2.82600248e-01 ...  2.28475252e-01
     3.98202318e-01  4.91684392e-01]
   [ 1.23996252e-01  4.09098700e-01  7.91046688e-01 ...  5.44053254e-01
     4.36590559e-01  3.51374466e-01]]

  [[ 6.49086105e-01  3.00297383e-01 -3.60090000e-01 ...  8.46217050e-01
     5.65301503e-01  2.75712056e-01]
   [ 4.23927970e-02  1.63088255e-01  3.35528053e-01 ...  1.18943196e+00
     1.11659842e+00  1.05483541e+00]
   [ 8.84042541e-01  6.10800199e-01  4.60549553e-01 ...  1.18788421e+00
     1.19017794e+00  1.17126041e+00]
   ...
   [ 1.00894274e+00  1.23805171e+00  1.45443365e+00 ...  5.04967576e-01
     4.56201835e-01  5.35343477e-01]
   [ 3.38937621e-01  2.75821736e-01  4.01899748e-01 ...  2.21468879e-02
     8.23315792e-02  1.48178998e-01]
   [-1.38616940e-01  1.26834467e-01  5.98578631e-01 ...  2.47565637e-01
     2.78092113e-01  2.87174998e-01]]

  [[ 6.56824071e-01  4.25749853e-01  7.95820008e-02 ...  8.30305626e-01
     7.65659835e-01  6.91590613e-01]
   [ 4.84020031e-01  5.44946010e-01  6.43234089e-01 ...  6.59528690e-01
     5.90034195e-01  5.88154757e-01]
   [ 7.89922821e-01  2.97614208e-01 -8.29046694e-02 ...  9.31441897e-01
     1.16321141e+00  1.26266746e+00]
   ...
   [ 1.00078941e+00  1.16313307e+00  1.30619300e+00 ... -1.78941889e-01
    -1.25306899e-01  8.62513716e-02]
   [ 3.84631361e-01  3.83984674e-01  4.19447255e-01 ...  3.51079684e-01
     2.95327628e-01  2.23426990e-01]
   [-5.72750831e-01 -3.14767958e-01  3.65269673e-01 ...  4.28836525e-01
     4.74390561e-01  4.37772682e-01]]]


 [[[-4.41117506e-01 -3.16785020e-01 -1.47909822e-01 ...  2.74732771e+00
     2.75229882e+00  2.66973242e+00]
   [-9.88317910e-01 -1.08031540e+00 -7.70402659e-01 ... -8.87824688e-03
     6.92895478e-02  1.69347293e-01]
   [-2.98194864e+00 -2.13081442e+00 -8.84241756e-01 ...  6.34920756e-01
     6.95201698e-01  6.60234284e-01]
   ...
   [ 1.50987056e+00  1.16907238e+00  2.94326188e-01 ... -8.49755101e-01
    -7.60753000e-01 -7.25069668e-01]
   [-6.23575619e-01 -1.50657037e+00 -2.62914818e+00 ...  4.63147764e-01
     5.79981461e-01  5.96990352e-01]
   [ 5.63077354e-01  6.58006395e-01  6.81355104e-01 ... -4.38676752e-01
    -5.77217867e-01 -5.29053076e-01]]

  [[ 3.11551472e-02  7.45473071e-02  6.33178106e-02 ...  2.21310234e+00
     2.20516779e+00  2.18167525e+00]
   [-1.41410080e+00 -1.78310966e+00 -1.13435266e+00 ...  1.81235349e-01
     1.70373000e-01  1.38296596e-01]
   [-2.00355550e+00 -1.65901856e+00 -7.77925417e-01 ...  9.65844245e-01
     9.72509361e-01  9.88161567e-01]
   ...
   [ 1.49666281e+00  1.17865975e+00  2.23062453e-01 ... -1.06419707e+00
    -1.07640187e+00 -1.06755913e+00]
   [-9.18387192e-02 -8.33195806e-01 -2.01629065e+00 ...  1.58274219e-01
     5.25555742e-02  9.12356353e-04]
   [ 7.72670698e-01  8.61597626e-01  8.77408324e-01 ... -3.58771594e-01
    -3.49223230e-01 -1.95143922e-01]]

  [[ 3.44232347e-01  3.65356181e-01  2.96630938e-01 ...  7.72735702e-01
     7.92674875e-01  8.65497974e-01]
   [-1.82376984e+00 -2.91392868e+00 -1.39494033e+00 ... -1.33517345e-01
    -1.74149514e-01 -2.15798139e-01]
   [-1.39968252e+00 -1.16311817e+00 -6.01430389e-01 ...  1.37560932e+00
     1.31892694e+00  1.27726910e+00]
   ...
   [ 1.50090397e+00  1.27720983e+00  6.05596013e-01 ... -8.34306433e-01
    -7.89860073e-01 -7.54655126e-01]
   [ 3.34243466e-01 -1.79632780e-01 -6.46305828e-01 ...  3.60715230e-01
     3.10079834e-01  3.13895008e-01]
   [ 9.14478932e-01  1.00684527e+00  1.02184943e+00 ... -2.74811065e-01
    -8.89811286e-02  1.81807288e-01]]

  ...

  [[ 6.39912875e-01  1.64137961e-01 -1.10961130e+00 ...  1.03256548e+00
     1.05298118e+00  1.07378790e+00]
   [-5.41194460e-01 -3.45923476e-01 -6.84972261e-02 ...  1.14669375e+00
     1.32922179e+00  1.52958918e+00]
   [ 9.52600991e-01  8.15041130e-01  7.56525094e-01 ...  1.17032650e+00
     1.13107633e+00  1.05428210e+00]
   ...
   [ 8.95280386e-01  1.18575356e+00  1.49352144e+00 ...  5.57090494e-02
    -8.36726069e-02 -2.05043313e-01]
   [-2.71329865e-01 -4.36499094e-01  6.21637204e-02 ...  2.07049217e-01
     2.78101212e-01  3.01557767e-01]
   [ 1.94164235e-01  4.24102249e-01  7.90395198e-01 ...  4.52889460e-01
     3.67752404e-01  3.26127920e-01]]

  [[ 6.19084736e-01  2.18089166e-01 -5.62345210e-01 ...  9.76760463e-01
     7.21816722e-01  4.69389962e-01]
   [ 7.09954159e-02  1.33893129e-01  2.78047302e-01 ...  1.29403000e+00
     1.21725661e+00  1.13025418e+00]
   [ 8.69056048e-01  5.71188776e-01  4.00652459e-01 ...  1.22053085e+00
     1.23399415e+00  1.21356765e+00]
   ...
   [ 9.79783046e-01  1.20128686e+00  1.42697931e+00 ...  6.49009168e-01
     5.58686774e-01  5.83121057e-01]
   [-2.19488601e-02 -3.65138761e-02  1.81413616e-01 ... -2.70951173e-02
     4.94240635e-02  1.38348749e-01]
   [-5.98762191e-02  1.07354141e-01  5.69025085e-01 ...  3.06478652e-01
     2.01543591e-01  1.18971327e-01]]

  [[ 6.26885896e-01  3.53947968e-01 -3.41654549e-02 ...  9.45701625e-01
     8.50622191e-01  7.55180962e-01]
   [ 4.84169449e-01  5.19120457e-01  5.98794823e-01 ...  5.42138078e-01
     4.47110170e-01  4.36473997e-01]
   [ 7.75765846e-01  2.47760046e-01 -1.80228473e-01 ...  9.44321727e-01
     1.14963091e+00  1.21502379e+00]
   ...
   [ 9.74959456e-01  1.13225285e+00  1.28376701e+00 ... -3.11756824e-02
     8.62886222e-02  2.74776100e-01]
   [ 8.90979932e-02  1.35131784e-01  2.23023181e-01 ...  2.32469858e-01
     2.23549718e-01  1.87943391e-01]
   [-4.46373643e-01 -4.02543321e-01  3.00722735e-01 ...  5.60027888e-01
     5.75238141e-01  5.25709176e-01]]]


 [[[-6.97982624e-01 -6.43955912e-03  4.39565720e-01 ...  2.73338433e+00
     2.53844402e+00  2.08637949e+00]
   [ 5.31165048e-02  5.86124587e-01  9.08311276e-01 ...  1.35464414e+00
     1.03626875e+00  6.28006371e-01]
   [-2.61896228e-01 -1.85767620e-01 -1.19287538e-01 ...  2.03491700e-01
    -1.92682005e-01 -2.89923074e-01]
   ...
   [ 1.57755024e+00  1.51257635e+00  1.37075435e+00 ...  4.17867264e-01
     5.15490615e-01  3.90388433e-01]
   [-1.61116864e+00  1.41496147e-01  8.12649896e-01 ...  7.50454223e-01
     6.10249329e-01  4.93903197e-01]
   [-2.92785778e-01 -3.89783488e-01 -1.35953617e-01 ...  1.54465800e-01
    -7.58699069e-02  7.37431429e-02]]

  [[-5.71651015e-01  7.11831186e-02  4.88285621e-01 ...  3.49446723e+00
     3.24429082e+00  2.89335985e+00]
   [-8.00948707e-02  5.05425849e-01  8.28020446e-01 ... -9.06892518e-02
    -4.65999433e-01 -7.97275221e-01]
   [-5.27228074e-01 -4.82900153e-01 -4.47755788e-01 ...  6.00146598e-01
     3.71133282e-01  2.88226555e-01]
   ...
   [ 1.61237609e+00  1.51069685e+00  1.31520475e+00 ... -9.79027019e-01
    -1.25323856e+00 -1.35084505e+00]
   [-7.32035529e-01  2.58473479e-01  7.97280338e-01 ... -1.86491902e-01
     2.39394237e-01  4.78571794e-01]
   [-5.28477304e-02 -1.10916547e-02  1.55064449e-01 ...  1.25642696e+00
     1.29139267e+00  1.13565191e+00]]

  [[-4.31465636e-01  1.36966555e-01  5.18183910e-01 ...  9.96548149e-01
     5.68558233e-01  2.22239695e-01]
   [-2.11498160e-01  4.17352491e-01  7.36227686e-01 ... -3.29659293e-01
    -2.23597741e-02  7.76666938e-02]
   [-9.31144557e-01 -8.69748938e-01 -8.84897221e-01 ...  2.22316897e-01
     1.05817014e-01 -2.53894652e-02]
   ...
   [ 1.62362510e+00  1.47761207e+00  1.19021410e+00 ... -1.54588405e+00
    -1.16703790e+00 -8.45032406e-01]
   [-1.71197809e-01  4.14404507e-01  8.09093327e-01 ...  6.35903812e-01
     1.09333012e+00  1.31316573e+00]
   [ 1.47322235e-01  2.57317019e-01  3.69877377e-01 ...  4.75915542e-01
     4.76580570e-02 -4.82928307e-01]]

  ...

  [[ 1.24082310e+00  1.15739763e+00  9.33964953e-01 ...  4.37660496e-01
     7.82914349e-01  1.37342855e+00]
   [-1.91128778e-02  5.40424461e-02  2.63926050e-01 ... -1.19167324e+00
    -1.44800560e+00 -1.50915710e+00]
   [ 3.26429217e-01  3.42043897e-01  3.87692122e-01 ... -3.14377641e-02
     4.27021365e-01  7.66316589e-01]
   ...
   [ 1.01202419e+00  1.03819398e+00  8.24843940e-01 ...  2.43195237e-01
    -3.50564627e-01 -6.85855219e-01]
   [-4.61824626e-01 -1.62445944e+00 -2.88971774e+00 ...  1.33573924e-01
     4.94506552e-03 -1.90472264e-01]
   [ 7.18593588e-01  8.62324814e-01  1.05173514e+00 ... -1.86808378e-01
    -3.25806361e-01 -1.40236531e-01]]

  [[ 1.08836823e+00  9.95456003e-01  7.67496334e-01 ...  2.09115636e-01
     1.32277087e-01  1.82437650e-01]
   [ 7.60951806e-02  2.69002850e-01  4.80076407e-01 ...  1.06058784e+00
     8.65267424e-01  6.10914254e-01]
   [ 3.37626193e-01  2.75440664e-01  3.30814422e-01 ...  5.94973335e-01
     8.19565278e-01  8.85712835e-01]
   ...
   [ 1.07786272e+00  1.07542265e+00  8.08308865e-01 ... -3.16335755e-01
    -3.57280549e-01 -2.90107481e-01]
   [-3.64644648e-01 -1.41809529e+00 -2.84575268e+00 ... -1.37317134e+00
    -1.05315973e+00 -8.78523470e-01]
   [ 4.02842042e-01  5.12078055e-01  7.59410982e-01 ...  7.51493293e-02
     1.51394745e-01  7.53541490e-02]]

  [[ 9.28144373e-01  8.15064256e-01  5.57353978e-01 ... -2.96968478e-01
     1.30881639e-03  2.55853987e-01]
   [ 9.57851926e-02  3.86885039e-01  6.22811951e-01 ...  9.52798851e-01
     8.35954263e-01  7.23242928e-01]
   [ 2.52462774e-01  8.33205915e-02  1.40985993e-01 ... -4.49915029e-01
    -4.67099522e-01 -5.25664989e-01]
   ...
   [ 1.10478374e+00  1.09566946e+00  8.25478554e-01 ... -1.22937345e-02
     1.59595817e-01  4.88726934e-01]
   [-1.85872255e-01 -8.94866791e-01 -1.36359731e+00 ... -5.26235609e-02
    -1.35605388e-01 -4.11188297e-01]
   [ 1.05191935e-02  4.97794745e-02  3.97080391e-01 ...  4.60568824e-01
    -4.59854179e-02 -5.25147883e-01]]]]",2
